"Speaker Name","Start Time","End Time","Text"
"","00;00;00;24","00;00;04;12","Did you know thatwhen Jesus taught the sermon on the Mount,"
"","00;00;04;15","00;00;08;27","he was describing for his disciplesthe pathway to maturity?"
"","00;00;09;00","00;00;12;16","Tune into today'sbroadcast room, teach you how to grow"
"","00;00;12;19","00;00;16;14","as a disciple of Jesus, and manifesta kingdom."
"","00;00;16;17","00;00;19;16","Welcome to wisdomfor living with Greg Moore."
"","00;00;19;16","00;00;23;19","Join with Greg as he shares truthfrom the Word of God that will help you"
"","00;00;23;19","00;00;28;18","grow in wisdom and successfully navigatea balanced life with family,"
"","00;00;28;21","00;00;31;29","marriage, finances, and relationships."
"","00;00;32;02","00;00;37;11","And now here's Greg or welcome youto today's broadcast of wisdom for living."
"","00;00;37;12","00;00;38;29","My name is Greg Moore."
"","00;00;38;29","00;00;44;05","I'm really excited about a new serieswhere we're beginning today."
"","00;00;44;08","00;00;47;08","It's called The Pathway to Maturity."
"","00;00;47;08","00;00;49;10","Do you desire to grow?"
"","00;00;49;10","00;00;51;13","Do you desire to mature?"
"","00;00;51;13","00;00;54;02","Do you know what maturity even looks like?"
"","00;00;54;02","00;00;56;24","You know, it's different thingsfor different folks."
"","00;00;56;24","00;01;00;13","But the Bible's real clear about this,and we're actually going"
"","00;01;00;13","00;01;05;26","to be going through what,what a lot of people have,"
"","00;01;05;29","00;01;07;29","labeled the sermon on the Mount."
"","00;01;07;29","00;01;12;03","It's,Jesus teaching one of the most in-depth"
"","00;01;12;06","00;01;14;20","teachings of Jesus,"
"","00;01;14;20","00;01;17;02","that the scripture records"
"","00;01;17;02","00;01;20;00","from Matthew five six and seven."
"","00;01;20;00","00;01;24;19","You also see, in-depthteaching from Jesus and,"
"","00;01;24;22","00;01;28;19","and, John chapter 14, 15 and 16."
"","00;01;28;22","00;01;32;10","But this, this, is,"
"","00;01;32;13","00;01;37;03","is a great teaching that helps us to,"
"","00;01;37;06","00;01;40;05","grow and to measure our growth"
"","00;01;40;05","00;01;43;21","just to see what, obstacles"
"","00;01;43;21","00;01;48;16","there are that the enemy sends our wayand how to overcome that."
"","00;01;48;16","00;01;51;18","And so, I really encourageyou to, you know,"
"","00;01;51;18","00;01;54;26","maybe call a friend,get them involved with this."
"","00;01;54;26","00;01;57;12","A loved one, and you're going toyou're going to be blessed."
"","00;01;57;12","00;02;00;10","You're going to grow, immensely."
"","00;02;00;10","00;02;03;19","This this is a very,very powerful, teaching."
"","00;02;03;19","00;02;06;00","So, let me tell you a funny."
"","00;02;06;00","00;02;08;07","And it will get right into the word."
"","00;02;08;07","00;02;13;07","This is called confusion for Gen X,"
"","00;02;13;10","00;02;16;10","how to frighten the younger generation."
"","00;02;16;15","00;02;20;01","Put them in a room with a rotary phone,"
"","00;02;20;04","00;02;24;15","an analog watch, a TV with no remote,"
"","00;02;24;18","00;02;25;26","then lead directions on how to use in"
"","00;02;25;26","00;02;27;22","then lead directions on how to use in"
"","00;02;27;22","00;02;31;17","cursive."
"","00;02;31;20","00;02;32;07","Yeah,"
"","00;02;32;07","00;02;35;18","I actually, we actually watched, YouTube."
"","00;02;35;18","00;02;40;08","They of of this got this man,that was terrible given his two teenage"
"","00;02;40;08","00;02;45;12","sons, a rotary phone, a rotary dial phone."
"","00;02;45;15","00;02;47;25","And he gave him five minutesto try to figure it out."
"","00;02;47;25","00;02;50;07","They never they never could figure it out."
"","00;02;50;07","00;02;51;18","Is so funny."
"","00;02;51;18","00;02;52;09","That's awesome."
"","00;02;52;09","00;02;55;23","So here, Matthew chapterfive and verse one,"
"","00;02;55;26","00;03;00;02","and seeing the multitudes,he went up on the mountain."
"","00;03;00;02","00;03;04;25","That's where people come up with the,the term,"
"","00;03;04;28","00;03;06;08","sermon on the Mount."
"","00;03;06;08","00;03;09;08","And when he was seated,his disciples came to."
"","00;03;09;09","00;03;13;16","Now, notice, seeing the multitudes,"
"","00;03;13;19","00;03;14;11","he went up on a"
"","00;03;14;11","00;03;18;07","mountain, and his disciples came to him."
"","00;03;18;10","00;03;22;27","So Jesus saw the multitudes."
"","00;03;23;00","00;03;25;28","And then he taught his disciples,"
"","00;03;25;28","00;03;30;00","seeing the multitudeswho were in need of leadership"
"","00;03;30;03","00;03;34;10","and understanding of true lifein the kingdom of God,"
"","00;03;34;13","00;03;39;12","he brought his disciples asideand taught them and trained them"
"","00;03;39;15","00;03;43;21","so that they could understandwhat the kingdom was about,"
"","00;03;43;21","00;03;49;06","understand how to, implementthat in their lives and how to model that."
"","00;03;49;06","00;03;53;28","He saw the multitudes and he wantedto impact and influence them."
"","00;03;54;01","00;03;58;08","And the way that he didit was he went up on the mountain"
"","00;03;58;11","00;04;01;05","and he was seated with his disciples."
"","00;04;01;05","00;04;04;22","And then he opened his mouthand taught them"
"","00;04;04;25","00;04;10;04","verse two,he taught them who them disciples."
"","00;04;10;07","00;04;12;11","The sermon on the Mount"
"","00;04;12;11","00;04;16;05","was not, to the multitudes."
"","00;04;16;08","00;04;18;12","It was to his disciples."
"","00;04;18;12","00;04;21;12","And and some of all they understood"
"","00;04;21;17","00;04;24;10","the sermon on the Mount as,"
"","00;04;24;10","00;04;27;08","as teaching to the multitudes."
"","00;04;27;08","00;04;29;12","But that's not what it was."
"","00;04;29;12","00;04;31;20","He would he saw the multitudes."
"","00;04;31;20","00;04;33;14","He knew they needed leadership."
"","00;04;33;14","00;04;35;22","He knew they needed people,"
"","00;04;35;25","00;04;36;24","who could"
"","00;04;36;24","00;04;40;27","who would eventually lead themand shepherd them and teach them."
"","00;04;40;27","00;04;45;04","But he had to, impart to his disciples"
"","00;04;45;04","00;04;48;04","what the whatthe kingdom of God was all about."
"","00;04;48;09","00;04;50;09","And that's what he did."
"","00;04;50;09","00;04;52;22","The teaching in Matthew"
"","00;04;52;22","00;04;56;15","five six and seven,what the a lot of people called"
"","00;04;56;15","00;05;00;26","the sermon on the Mountis one of the most in-depth teachings."
"","00;05;00;29","00;05;04;18","The recorded in the Scripture by Jesus"
"","00;05;04;21","00;05;08;26","in the focus in in Matthew's Matthew five,"
"","00;05;08;29","00;05;12;04","six and seven is spiritual growth."
"","00;05;12;07","00;05;14;24","God wants us to grow."
"","00;05;14;24","00;05;17;03","And now when we're born again"
"","00;05;17;03","00;05;21;06","in our spirit man, we're just like Jesus."
"","00;05;21;09","00;05;24;22","But the apostle Paul prayed in Galatians"
"","00;05;24;22","00;05;28;12","419 that Christ might be formed in them."
"","00;05;28;12","00;05;30;19","And he was talking to Christians."
"","00;05;30;19","00;05;34;06","Where does he needto be formed in us, in our souls?"
"","00;05;34;09","00;05;37;19","Our minds are wills,our emotions, our emotions."
"","00;05;37;22","00;05;38;25","And he want."
"","00;05;38;25","00;05;43;00","In Matthew five six and seven,"
"","00;05;43;03","00;05;45;16","the focus is spiritual growth."
"","00;05;45;16","00;05;50;06","How to become a disciple of Jesusthat others would want to follow,"
"","00;05;50;09","00;05;54;17","and how to model Jesus life,his character and his nature."
"","00;05;54;17","00;05;58;27","And so that's where that'swhy we're calling this series"
"","00;05;59;00","00;06;01;13","the Pathway to Maturity."
"","00;06;01;13","00;06;06;02","And that's exactly what you'll find outthrough that throughout this series,"
"","00;06;06;05","00;06;11;19","that you will learn the pathway,how, the, the,"
"","00;06;11;22","00;06;14;17","the, signposts"
"","00;06;14;17","00;06;19;01","that let you know,you know, how I've grown spiritually."
"","00;06;19;04","00;06;23;13","I'm, I'm manifestingJesus in this area and in, in this area."
"","00;06;23;13","00;06;24;23","I'm not yet."
"","00;06;24;23","00;06;32;03","And so I want I want to go tothe end of the, of this in chapter seven."
"","00;06;32;06","00;06;35;19","And then we're going to come back,in chapter five."
"","00;06;35;19","00;06;40;04","So look with me at chapter seven and verse"
"","00;06;40;07","00;06;44;19","24, Jesus said,therefore whoever hears now,"
"","00;06;44;20","00;06;48;17","this is the end of the sermon on the Mountto his disciples."
"","00;06;48;20","00;06;53;08","Therefore,whoever hears these sayings of mine"
"","00;06;53;11","00;06;57;24","and does them,I will likened him to a wise man."
"","00;06;57;27","00;07;00;21","The built his house on the rock."
"","00;07;00;21","00;07;03;27","The rain descended, the floodscame, the winds blew."
"","00;07;04;00","00;07;07;06","Beat on that house, and it did not fall."
"","00;07;07;09","00;07;10;07","For was founded on the rock."
"","00;07;10;07","00;07;13;14","Now it's really important. Okay,"
"","00;07;13;17","00;07;15;12","This is revelation from Jesus."
"","00;07;15;12","00;07;17;21","How to build your house"
"","00;07;17;21","00;07;20;03","on a on a foundation on the rock."
"","00;07;20;03","00;07;22;28","Not on sand, not on quicksand."
"","00;07;22;28","00;07;26;23","It, how to build your spiritual house?"
"","00;07;26;26","00;07;29;06","In such a way that no"
"","00;07;29;06","00;07;33;02","storm of life, no persecution, no."
"","00;07;33;05","00;07;35;16","You know, healing battle."
"","00;07;35;16","00;07;37;27","No financial attack."
"","00;07;37;27","00;07;42;06","No relational attackis going to destroy you."
"","00;07;42;09","00;07;43;18","It's not going to move you. Sort of."
"","00;07;43;18","00;07;47;14","You'll hear these sayings of mineand do them."
"","00;07;47;17","00;07;49;03","You're going to build your houseon a rock."
"","00;07;49;03","00;07;54;24","Now, generally speaking, andthat's the way most of us have read this."
"","00;07;54;27","00;07;59;02","But generally speaking, it's athat people say, well, whatever"
"","00;07;59;02","00;08;02;25","Jesus said,you know, if you hear that and do it,"
"","00;08;02;28","00;08;04;27","that it's you're goingto build your house on a rock."
"","00;08;04;27","00;08;09;14","And and there's truth in that,but specifically in context,"
"","00;08;09;17","00;08;14;24","he said, whoever hears thesesayings of mine, what sayings?"
"","00;08;14;24","00;08;19;19","Jesus, Matthew five six and seven."
"","00;08;19;22","00;08;20;15","What he just got"
"","00;08;20;15","00;08;23;15","finished teaching the disciples"
"","00;08;23;22","00;08;27;29","when he saw the multitudesand called them up on the,"
"","00;08;28;02","00;08;32;28","up with him on the on the mount,you sort of you'll you'll hear these"
"","00;08;32;28","00;08;37;26","sayings of mine and do them thenthen you're going to build your house."
"","00;08;37;29","00;08;43;02","You're going to have a foundationthat no storm, no, no attack of"
"","00;08;43;02","00;08;47;02","the enemy is going to be able to it'sgoing to be able to destroy your life."
"","00;08;47;02","00;08;50;23","The devil can huff and puffand try to blow your house down,"
"","00;08;50;23","00;08;53;25","but it's not going to happen in"
"","00;08;53;25","00;08;58;15","Luke six was recorded the same"
"","00;08;58;18","00;09;03;01","message and said, verse 47 and 48,whoever comes to me"
"","00;09;03;01","00;09;08;06","and hears my sayings and does them,I will show you whom he's like."
"","00;09;08;06","00;09;12;14","He's like a man building a building,a house who dug deep,"
"","00;09;12;17","00;09;15;05","laid the foundation on a rock."
"","00;09;15;05","00;09;20;06","And when the flood arose, a stream beatthe house imminently against that house."
"","00;09;20;06","00;09;22;07","It could not shake it."
"","00;09;22;07","00;09;24;07","Absolutely could not shake it."
"","00;09;24;07","00;09;28;14","Yes, if we fall to pieces when problems"
"","00;09;28;14","00;09;34;17","and trials and difficulties come to us,and it comes to all of us, it's"
"","00;09;34;17","00;09;39;04","an indication that our house or our life"
"","00;09;39;07","00;09;42;06","is built on something other than Jesus."
"","00;09;42;11","00;09;47;18","And so it's Jesus, his character,his nature,"
"","00;09;47;21","00;09;51;01","his person, who's our foundation."
"","00;09;51;04","00;09;53;25","First Corinthians three says, for other,"
"","00;09;53;25","00;09;57;22","no other foundation can anyone lay"
"","00;09;57;25","00;10;00;25","that is laid, which is Jesus Christ."
"","00;10;00;29","00;10;06;17","So hearing and understanding and applying"
"","00;10;06;20","00;10;08;28","the principles of what what"
"","00;10;08;28","00;10;12;21","Jesus taught in my Matthew five, sixand seven"
"","00;10;12;24","00;10;15;11","will ensure that we lay"
"","00;10;15;11","00;10;18;11","our foundation solidly on him."
"","00;10;18;13","00;10;23;13","He is our rock, not something else,not someone else."
"","00;10;23;16","00;10;29;10","Back to Matthew five, versesone and two, saying, the multitudes,"
"","00;10;29;13","00;10;29;25","he went"
"","00;10;29;25","00;10;33;17","up on a mountain, and when he was seated,his disciples came to him."
"","00;10;33;20","00;10;37;10","Then he opened his mouthand taught them, saying,"
"","00;10;37;13","00;10;42;03","and so this teaching is essential"
"","00;10;42;06","00;10;47;19","in becoming a disciple of Jesusand making other disciples of Jesus."
"","00;10;47;22","00;10;51;21","Remember he said in Matthew28 that you're going to go into the world"
"","00;10;51;21","00;10;56;26","and make disciples, teaching themto observe all that I've taught you."
"","00;10;56;29","00;11;02;26","And Matthew five sixand seven is actually in, in"
"","00;11;02;29","00;11;04;12","chronological order."
"","00;11;04;12","00;11;06;05","The first,"
"","00;11;06;05","00;11;10;11","concentrated teachingthat Jesus Jesus shared with us."
"","00;11;10;11","00;11;14;11","So, let's go back now to,"
"","00;11;14;14","00;11;19;07","where will we are in in Matthew five,let's look at the Beatitudes."
"","00;11;19;07","00;11;23;06","He opened his mouth and taught them,saying, blessed"
"","00;11;23;06","00;11;26;29","are the poor in spirit, for theirsis the kingdom of heaven."
"","00;11;27;02","00;11;30;15","Blessed are those who mourn, forthey will be comforted."
"","00;11;30;18","00;11;34;03","Blessed are the meek, forthey shall inherit the earth."
"","00;11;34;06","00;11;36;19","Blessed are those who hunger and thirst"
"","00;11;36;19","00;11;39;12","for righteousness, forthey shall be filled."
"","00;11;39;12","00;11;42;13","Blessed are the merciful, forthey will obtain mercy."
"","00;11;42;13","00;11;46;09","Blessed are the pure in heart, forthey shall see God."
"","00;11;46;12","00;11;50;09","Blessed are the peacemakers, forthey will be called the sons of God."
"","00;11;50;09","00;11;51;26","And blessed are those"
"","00;11;51;26","00;11;56;12","who are persecuted for righteousnesssake, for theirs is the kingdom of God."
"","00;11;56;15","00;12;00;16","This is what's known or what's calledthe Beatitudes."
"","00;12;00;16","00;12;02;26","These are not do attitudes."
"","00;12;02;26","00;12;04;10","These are beatitudes."
"","00;12;04;10","00;12;09;17","These are attitudesthat we can develop in our souls."
"","00;12;09;20","00;12;12;19","Okay,that manifests the character of Jesus."
"","00;12;12;25","00;12;17;20","And I want to share with you, right afterwe take what a rod of joy would come"
"","00;12;17;20","00;12;21;04","back, after this short break,"
"","00;12;21;07","00;12;24;04","I'm going to share with youhow the Beatitudes"
"","00;12;24;04","00;12;28;04","are the CliffsNotesversion of the rest of the"
"","00;12;28;07","00;12;33;02","of these three chapters,and they're progressive toward maturity."
"","00;12;33;05","00;12;36;26","We'll be right backafter this message from our announcer"
"","00;12;36;29","00;12;41;29","to find our podcast, go to Greg Morcombeor search for wisdom for living with Greg."
"","00;12;41;29","00;12;45;05","More on your favorite podcasting platform."
"","00;12;45;08","00;12;46;06","Welcome back."
"","00;12;46;06","00;12;51;01","We're talking about Matthew five,six and seven,"
"","00;12;51;04","00;12;54;20","what a lot of peoplehave called the sermon on the Mount."
"","00;12;54;23","00;12;57;20","And, you know, so many people have thought"
"","00;12;57;20","00;13;02;07","it was the sermon to the multitudesbecause it started off in Matthew five."
"","00;13;02;07","00;13;05;13","It says, seeing the multitudes,he went up on a mountain."
"","00;13;05;13","00;13;10;19","But then, then it says, when he went upon the mountain, he was seated."
"","00;13;10;19","00;13;11;19","When he was seated,"
"","00;13;11;19","00;13;15;24","his disciples came to him,and he opened his mouth and taught them."
"","00;13;15;27","00;13;17;22","He saw the multitudes."
"","00;13;17;22","00;13;21;18","And then he called the disciples apart,and he taught them."
"","00;13;21;21","00;13;25;20","And Matthew five six and seven are,"
"","00;13;25;23","00;13;30;14","is is the, outline of what's involved?"
"","00;13;30;14","00;13;33;29","It's it's a it's a progressiontoward maturity."
"","00;13;33;29","00;13;36;29","It's the pathway to maturity."
"","00;13;37;03","00;13;40;02","And then and then we read in him"
"","00;13;40;02","00;13;46;16","in more in Matthew 724,if you hear these sayings of mine,"
"","00;13;46;16","00;13;49;18","Jesus said,and you'll you're going to do them."
"","00;13;49;18","00;13;52;08","You're going to build your houseon the rock."
"","00;13;52;08","00;13;54;28","These sayings specifically,"
"","00;13;54;28","00;13;59;06","is what he taught his disciplesin Matthew five six and seven."
"","00;13;59;09","00;14;04;11","And then he starts offwith the Beatitudes, the poor in spirit."
"","00;14;04;14","00;14;07;00","And he said, look, blessed, happy."
"","00;14;07;00","00;14;10;20","You know, a favored,"
"","00;14;10;23","00;14;13;07","field or loved man."
"","00;14;13;07","00;14;17;04","But being blessed is, iswhen when God says, you're"
"","00;14;17;04","00;14;19;04","blessed, you're really blessed."
"","00;14;19;04","00;14;22;09","And he said, look,if you're if you've developed"
"","00;14;22;13","00;14;26;22","a, this attitude of being poor in spiritand I've read that,"
"","00;14;26;27","00;14;32;06","what in the world is that what we're goingto find out what that is essentially,"
"","00;14;32;09","00;14;36;28","being full poorin spirit is recognizing our need for God."
"","00;14;37;01","00;14;37;14","Okay."
"","00;14;37;14","00;14;41;07","But then it then being, those who mourn"
"","00;14;41;10","00;14;45;13","and that's those who have a, sensitivity"
"","00;14;45;13","00;14;50;12","toward God and, and very quickly repent,"
"","00;14;50;15","00;14;53;04","and also those who have a sensitivity"
"","00;14;53;04","00;14;57;00","toward the needs of others,they'll be comforted."
"","00;14;57;03","00;14;58;06","The meek."
"","00;14;58;06","00;15;01;03","The meek is not just humble, okay?"
"","00;15;01;03","00;15;04;02","Because I'm going to show youwhen we get to the,"
"","00;15;04;02","00;15;08;08","that when we get to that, teaching that,"
"","00;15;08;11","00;15;10;15","Jesus said, I am"
"","00;15;10;15","00;15;13;15","meek and I am humble."
"","00;15;13;22","00;15;18;29","And if if meekness was synonymouswith humility,"
"","00;15;19;02","00;15;24;04","then what Jesus would be sayingthere is I'm humble twice."
"","00;15;24;07","00;15;28;17","And, there's another places in the,in the word in the New Testament"
"","00;15;28;17","00;15;34;07","where, where meekness is distinctfrom humility in the same list."
"","00;15;34;10","00;15;36;19","And we're going to find outwhat meekness is."
"","00;15;36;19","00;15;39;26","Meekness is not witness."
"","00;15;39;29","00;15;44;25","Meekness is powerand authority under control."
"","00;15;44;28","00;15;47;18","It's like the bit in the horse's mouth."
"","00;15;47;18","00;15;50;17","It's like the,say, a gun with a safety on."
"","00;15;50;23","00;15;53;12","And we're going to talk about that.They'll inherit."
"","00;15;53;12","00;15;57;10","You're going to inherit the earthif you'll walk in meekness,"
"","00;15;57;13","00;16;00;22","where you only use your authoritythe way God tells you to do it,"
"","00;16;00;25","00;16;02;24","you're going to you're going to inherit."
"","00;16;02;24","00;16;05;23","God is going to you're going to be ableto receive"
"","00;16;05;23","00;16;09;11","all your inheritancefrom all that he has for you."
"","00;16;09;14","00;16;13;03","And blessed are those who hungerand thirst for righteousness,"
"","00;16;13;06","00;16;16;25","or they'llthey'll be filled. There's always more"
"","00;16;16;28","00;16;18;07","now in your spirit."
"","00;16;18;07","00;16;21;07","You're you're you're you got a,"
"","00;16;21;13","00;16;24;27","you fold the fullness of the Godheadin you bodily."
"","00;16;25;00","00;16;30;09","But there's always more in the in oursouls, in our bodies that we can receive."
"","00;16;30;12","00;16;32;00","And and we know in part."
"","00;16;32;00","00;16;34;13","And I want, I want the full meal deal."
"","00;16;34;13","00;16;36;22","I want everything that God has for me."
"","00;16;36;22","00;16;40;19","And so it's importantfor us to stay hungry,"
"","00;16;40;22","00;16;45;05","hungry and thirsting afterknowing more of the Lord."
"","00;16;45;08","00;16;47;24","You know I know the Lord, but the man."
"","00;16;47;24","00;16;53;19","Oh, there are times I've read the Biblewhere in revelation where it's"
"","00;16;53;19","00;16;56;25","it's saying, but there was, say, spending"
"","00;16;56;25","00;17;00;08","24, seven singing Holy, holy, Holy."
"","00;17;00;11","00;17;03;03","And when I thought that was boring and."
"","00;17;03;03","00;17;09;09","Yeah, but then the Lord showed me thatevery holy is a is a response of those"
"","00;17;09;09","00;17;13;19","who see another glimpseof God's character and nature."
"","00;17;13;19","00;17;19;01","It's like holy, holy,you know, and then holy"
"","00;17;19;04","00;17;22;04","and and so this hunger and thirst"
"","00;17;22;04","00;17;25;19","after righteousness is not begging God."
"","00;17;25;19","00;17;28;19","It's just,I want to know more about you, Lord."
"","00;17;28;25","00;17;32;04","And they'll and then, they'll be filled."
"","00;17;32;07","00;17;33;19","Blessed are the merciful."
"","00;17;33;19","00;17;35;25","They'll obtain mercy."
"","00;17;35;25","00;17;40;24","That's been being merciful and kindrather than judgmental."
"","00;17;40;27","00;17;43;04","Blessed are the pure in heart."
"","00;17;43;04","00;17;44;08","For they'll see God."
"","00;17;44;08","00;17;47;27","That's those people that lookyour spirit man's pure."
"","00;17;48;00","00;17;49;14","But is your soul pure?"
"","00;17;49;14","00;17;52;11","Is your conscience pure?"
"","00;17;52;11","00;17;54;07","Are you walking in integrity?"
"","00;17;54;07","00;17;57;07","What do you dowhen no one else is looking?"
"","00;17;57;07","00;17;59;24","It's the pure in heart who will see"
"","00;17;59;24","00;18;02;26","God and also hear God."
"","00;18;02;29","00;18;06;14","And then blessed are the peacemakers,not peace keepers."
"","00;18;06;14","00;18;07;21","There's a difference."
"","00;18;07;21","00;18;12;10","A peace keeper is going to compromisea truth, to try to keep peace."
"","00;18;12;13","00;18;16;08","A peace makeris someone who actually is doing"
"","00;18;16;08","00;18;20;04","a good job of reconciliation,and they'll be called the sons of God."
"","00;18;20;04","00;18;22;08","Notice this is all progressive."
"","00;18;22;08","00;18;24;10","They'll be called the sons of God."
"","00;18;24;10","00;18;26;23","He's talking about mature sons of God."
"","00;18;26;23","00;18;29;26","And then blessedare those who are persecuted"
"","00;18;29;26","00;18;33;12","for righteousnesssake, for theirs is the kingdom of heaven."
"","00;18;33;15","00;18;36;05","The next versekind of amplifies it a little bit."
"","00;18;36;05","00;18;37;27","It says, look, you're going to rejoice."
"","00;18;37;27","00;18;40;00","If you can rejoice"
"","00;18;40;03","00;18;43;26","when you'repersecuted instead of retaliate,"
"","00;18;43;29","00;18;46;11","then you've become mature."
"","00;18;46;11","00;18;51;03","And this is these are all attitudesto develop that will,"
"","00;18;51;06","00;18;56;14","basically lead uson a path of, of maturity."
"","00;18;56;17","00;19;00;07","And this is likethese Beatitudes are like the CliffsNotes"
"","00;19;00;07","00;19;03;07","version of the rest of the chapter."
"","00;19;03;07","00;19;07;07","And so Matthew 517"
"","00;19;07;07","00;19;10;24","through 18,after you get through the Beatitudes"
"","00;19;10;27","00;19;14;17","and the salt, salt and light,and we're going to talk about that,"
"","00;19;14;20","00;19;17;20","in our more than one of our,"
"","00;19;17;23","00;19;20;08","future lessons. But,"
"","00;19;20;08","00;19;22;23","Matthew 517 through through"
"","00;19;22;23","00;19;28;28","48, is is the A representsthe childhood stage"
"","00;19;29;01","00;19;31;17","of our spiritual growth."
"","00;19;31;17","00;19;34;22","It deals with the temptations"
"","00;19;34;25","00;19;38;02","and the sins of young Christians."
"","00;19;38;05","00;19;38;15","Okay?"
"","00;19;38;15","00;19;43;07","It's the things that happen to youngerChristians that they they,"
"","00;19;43;07","00;19;47;05","we all have to go throughand we all have to overcome,"
"","00;19;47;08","00;19;51;04","you know, when you know, if you don'tovercome it, you go around the mountain"
"","00;19;51;07","00;19;54;21","and you go around the mountain againand again and you won't pass"
"","00;19;54;21","00;19;58;22","go and you won't collect,you know, 200 maturity dollars."
"","00;19;58;25","00;20;00;08","Okay."
"","00;20;00;08","00;20;03;03","You've got toyou got to deal with these things."
"","00;20;03;03","00;20;06;27","Look at the word that the various thingsthat you have to deal with,"
"","00;20;07;00","00;20;12;20","that we're going to address is the worksof the law, guilt and condemnation"
"","00;20;12;23","00;20;17;07","over trying to live a performancedriven life, dealing with our fault life."
"","00;20;17;07","00;20;21;07","Several timesJesus said thing not, you know,"
"","00;20;21;10","00;20;25;17","and he's talking about our thoughtlife, dealing with anger,"
"","00;20;25;20","00;20;26;23","dealing with anger."
"","00;20;26;23","00;20;32;12","A lot of people having overcome anger,dealing with lost in adultery,"
"","00;20;32;15","00;20;37;08","dealing with boastingand making vows and overcommitting"
"","00;20;37;11","00;20;40;11","that's these are all temptations"
"","00;20;40;11","00;20;43;11","and sins that a lot of young Christians"
"","00;20;43;12","00;20;48;17","get into dealing with retaliationversus giving,"
"","00;20;48;20","00;20;51;15","dealing with loving your enemiesand overcoming evil done"
"","00;20;51;15","00;20;56;08","to all of these things,that Jesus addresses here."
"","00;20;56;11","00;21;00;09","This happens to us, or or we have to"
"","00;21;00;10","00;21;05;21","we we have to overcome these areas andand realize"
"","00;21;05;21","00;21;11;24","we've got the grace to overcome, to moveto the next stage of, of our maturity."
"","00;21;12;01","00;21;14;17","And this is a pathway toward maturity."
"","00;21;14;17","00;21;16;22","Matthew six"
"","00;21;16;22","00;21;21;09","represents the adolescent stageof our spiritual growth."
"","00;21;21;12","00;21;23;27","Like the teenage stage, it deals"
"","00;21;23;27","00;21;28;09","with the temptationsand sins of teenage Christians"
"","00;21;28;12","00;21;32;19","doing the right thingsfor the wrong reasons."
"","00;21;32;22","00;21;36;28","Praying, fasting, giving,you know, to be seen of men."
"","00;21;37;01","00;21;40;01","You're doing the right thing,but you're doing it to be seen a man."
"","00;21;40;05","00;21;41;28","Those are temptations."
"","00;21;41;28","00;21;44;02","The young Christians have."
"","00;21;44;02","00;21;44;29","It's like giving."
"","00;21;44;29","00;21;48;16","We're going to talk where he dealswith giving, praying, fasting,"
"","00;21;48;19","00;21;53;08","how you deal with money, how you deal withtemporal needs in the future."
"","00;21;53;11","00;21;57;24","Then Matthew seven deals with it'sthis is represents"
"","00;21;57;24","00;22;01;26","the adulthood stageof our spiritual growth."
"","00;22;01;29","00;22;07;04","And it talks about how the maturewill not be judging."
"","00;22;07;07","00;22;11;19","They'll be discretionaryabout who they share,"
"","00;22;11;22","00;22;15;05","intimate things with and,and their revelation with."
"","00;22;15;08","00;22;18;08","They'll learnhow to be perseverant in prayer"
"","00;22;18;09","00;22;23;19","and not whine about why this prayerhas not been answered right away."
"","00;22;23;22","00;22;28;06","Walking in love toward others,being disciplined, discerning,"
"","00;22;28;09","00;22;31;11","and and obedient and God's will."
"","00;22;31;12","00;22;32;20","Listen."
"","00;22;32;20","00;22;35;06","This is powerful stuff."
"","00;22;35;06","00;22;38;16","And if will realize Jesus saw"
"","00;22;38;16","00;22;42;11","the multitudes call his disciples to him."
"","00;22;42;14","00;22;46;20","And he said, look, I want you to representthe kingdom you have."
"","00;22;46;20","00;22;49;05","You haven't seen whatthe kingdom looks like."
"","00;22;49;05","00;22;50;24","This is what it looks like."
"","00;22;50;24","00;22;52;20","These are the things you're going to have,"
"","00;22;52;20","00;22;55;00","the obstaclesyou're going to have to deal with."
"","00;22;55;00","00;22;57;26","And and then he gave themthe power to do it."
"","00;22;57;26","00;23;00;13","This is just so powerful."
"","00;23;00;13","00;23;04;02","Ephesians 415 through 16,"
"","00;23;04;05","00;23;07;25","these scriptures that I'm going to,share with you right now."
"","00;23;07;25","00;23;09;23","They all talk about growing,"
"","00;23;09;23","00;23;12;23","but speaking the truthand love may grow up"
"","00;23;12;29","00;23;17;01","in all things into himwho is the head Christ,"
"","00;23;17;04","00;23;20;01","from whomthe whole body joined and knit together"
"","00;23;20;01","00;23;25;06","by what every joint supplies,according to the effective working"
"","00;23;25;09","00;23;28;00","by which every part does its share, causes"
"","00;23;28;00","00;23;31;18","growth of the bodyfor the edifying of a self in love."
"","00;23;31;18","00;23;34;20","God wants us to grow up,and he wants us to grow up"
"","00;23;34;20","00;23;37;28","into him, into his stature."
"","00;23;38;04","00;23;41;19","And that's what Matthew five, sixand seven is talking about."
"","00;23;41;19","00;23;47;21","First Peter two versetwo as newborn babes desire this,"
"","00;23;47;24","00;23;52;17","the pure milk of the Word of God,that you may grow thereby."
"","00;23;52;20","00;23;54;27","How many of you want to grow?"
"","00;23;55;00","00;23;55;16","This is the"
"","00;23;55;16","00;23;59;15","process of growth and maturitythat Jesus gave us."
"","00;23;59;18","00;24;03;26","Second Peter 318 but grow in the grace"
"","00;24;03;26","00;24;08;11","and knowledge of our Lord and SaviorJesus Christ."
"","00;24;08;14","00;24;11;10","Jesus himself,"
"","00;24;11;10","00;24;14;08","Jesus the Son of God."
"","00;24;14;08","00;24;17;25","He was 100% God, but 100% man."
"","00;24;17;28","00;24;20;10","It says in Luke 252, he increase."
"","00;24;20;10","00;24;25;23","That's growth and wisdom and statureand favor with God in man."
"","00;24;25;23","00;24;28;29","And that word favor is the word grace."
"","00;24;29;02","00;24;31;17","And in Ephesians 413"
"","00;24;31;17","00;24;34;22","says, till we all come to the unityof the faith,"
"","00;24;34;25","00;24;38;01","of the knowledge of the Son of God,to a perfect"
"","00;24;38;01","00;24;41;23","man, that word perfect doesn't meanmistake free."
"","00;24;41;26","00;24;43;18","It means mature."
"","00;24;43;18","00;24;47;14","To come, to become a per mature man,to the measure"
"","00;24;47;17","00;24;51;00","of the stature or fullness of Christ."
"","00;24;51;03","00;24;53;25","Matthew five six and seven"
"","00;24;53;25","00;24;58;09","is Jesus teaching to his disciples,you and me,"
"","00;24;58;12","00;25;03;03","about the pathwayto spiritual growth and maturity."
"","00;25;03;06","00;25;05;18","That's whatwe're going to learn in this series."
"","00;25;05;18","00;25;08;18","Now, I really encourage you to stay tuned"
"","00;25;08;24","00;25;12;11","to these broadcast because, you will grow"
"","00;25;12;14","00;25;16;12","and you will mature,and you will manifest the kingdom."
"","00;25;16;15","00;25;17;26","God bless you. Have a great day."
